id,name,time,date
7655475,bob,13:00:00,2026-02-11
7667567,anne,14:00:00,2026-02-12
9866535,brad,15:00:00,2026-02-13
6465765,mary,16:02:00,2026-02-14
7667685,ben,17:02:00,2026-06-15
6843636,aruna,18:00:00,2026-02-16
6636757,june,19:04:00,2026-10-17
5675574,michael,20:00:00,2026-04-18
6465647,yuri,21:00:00,2026-02-19
6646757,christina,22:03:00,2026-02-20
7566468,tina,23:02:00,2026-10-21
6564657,kirill,17:00:00,2026-10-22
6464674,eric,06:00:00,2026-09-23
8453564,lizzie,02:04:00,2026-08-24
5457536,thanh,05:37:00,2023-01-01
4536374,billie,06:35:00,2025-06-02
3453643,perry,07:32:00,2025-06-03
4564673,larry,08:30:00,2025-06-04
7655475,bob,09:15:00,2026-02-12
9866535,brad,10:45:00,2026-02-12
6465765,mary,11:30:00,2026-03-05
7667685,ben,08:20:00,2026-03-05
6843636,aruna,14:10:00,2026-03-06
5675574,michael,16:45:00,2026-03-07
6465647,yuri,07:30:00,2026-03-08
6646757,christina,12:00:00,2026-03-10
7566468,tina,15:22:00,2026-03-10
6564657,kirill,09:05:00,2026-03-11
8453564,lizzie,18:40:00,2026-03-12
5457536,thanh,10:12:00,2026-03-14
4536374,billie,13:55:00,2026-03-15
3453643,perry,07:08:00,2026-04-01
4564673,larry,11:42:00,2026-04-01
7655475,bob,14:30:00,2026-04-02
7667567,anne,16:15:00,2026-04-02
9866535,brad,08:00:00,2026-04-03
6465765,mary,19:20:00,2026-04-05
7667685,ben,21:10:00,2026-04-07
6843636,aruna,06:45:00,2026-04-08
6636757,june,10:30:00,2026-04-10
5675574,michael,13:15:00,2026-04-10
6465647,yuri,15:50:00,2026-04-12
6646757,christina,17:35:00,2026-04-14
7566468,tina,20:00:00,2026-04-15
6564657,kirill,08:25:00,2026-05-01
8453564,lizzie,11:10:00,2026-05-02
5457536,thanh,14:48:00,2026-05-03
4536374,billie,09:30:00,2026-05-05
3453643,perry,16:20:00,2026-05-06
4564673,larry,07:15:00,2026-05-07
7655475,bob,12:40:00,2026-05-08
7667567,anne,18:05:00,2026-05-10
9866535,brad,22:30:00,2026-05-12
6465765,mary,06:15:00,2026-05-14
7667685,ben,10:00:00,2026-06-01
6843636,aruna,13:45:00,2026-06-02
6636757,june,15:30:00,2026-06-03
5675574,michael,08:50:00,2026-06-04
6465647,yuri,17:25:00,2026-06-05
6646757,christina,11:55:00,2026-06-06
7566468,tina,14:10:00,2026-06-08
6564657,kirill,19:40:00,2026-06-10
8453564,lizzie,07:20:00,2026-06-12
5457536,thanh,16:00:00,2026-06-14
4536374,billie,21:15:00,2026-07-01
3453643,perry,09:45:00,2026-07-02
4564673,larry,12:30:00,2026-07-03
7655475,bob,14:55:00,2026-07-05
7667567,anne,08:10:00,2026-07-07
9866535,brad,11:20:00,2026-07-08
6465765,mary,17:00:00,2026-07-10
7667685,ben,06:30:00,2026-07-12
6843636,aruna,20:45:00,2026-07-14
6636757,june,10:15:00,2026-07-15
5675574,michael,13:00:00,2026-08-01
6465647,yuri,15:35:00,2026-08-03
6646757,christina,07:50:00,2026-08-05
7566468,tina,18:20:00,2026-08-06
6564657,kirill,09:00:00,2026-08-08
8453564,lizzie,12:45:00,2026-08-10
5457536,thanh,16:30:00,2026-08-12
4536374,billie,22:00:00,2026-08-14
3453643,perry,08:40:00,2026-08-16
4564673,larry,14:15:00,2026-08-18
7655475,bob,11:50:00,2026-09-01
7667567,anne,17:10:00,2026-09-02
9866535,brad,06:00:00,2026-09-04
6465765,mary,13:25:00,2026-09-05
7667685,ben,19:55:00,2026-09-08
6843636,aruna,10:40:00,2026-09-10
6636757,june,15:00:00,2026-09-12
5675574,michael,07:45:00,2026-09-15
6465647,yuri,21:30:00,2026-09-18
6646757,christina,08:15:00,2026-10-01
7566468,tina,12:20:00,2026-10-03
6564657,kirill,16:50:00,2026-10-05
7655475,bob,10:05:00,2026-10-08
7667567,anne,14:40:00,2026-10-10
9866535,brad,07:00:00,2026-10-12
6465765,mary,19:15:00,2026-10-15
7667685,ben,11:30:00,2026-11-01
6843636,aruna,15:45:00,2026-11-03
6636757,june,08:30:00,2026-11-05
5675574,michael,13:10:00,2026-11-07
6465647,yuri,17:55:00,2026-11-10
6646757,christina,06:20:00,2026-11-12
7566468,tina,20:30:00,2026-11-14
6564657,kirill,10:50:00,2026-11-17
8453564,lizzie,14:25:00,2026-11-20
5457536,thanh,09:35:00,2026-12-01
4536374,billie,16:10:00,2026-12-03
3453643,perry,07:55:00,2026-12-05
4564673,larry,12:00:00,2026-12-08
7655475,bob,18:30:00,2026-12-10
7667567,anne,11:15:00,2026-12-12
9866535,brad,15:40:00,2026-12-15
9866535,brad,15:40:00,2026-12-15
9866535,brad,15:40:00,2026-12-15
9866535,brad,15:40:00,2026-12-15
9866535,brad,15:40:00,2026-12-15